Wall time,Step,Value
1719576300.506894,0,0.5591877698898315
1719576318.654739,1,0.8405817747116089
1719576325.014866,2,0.9017857313156128
1719576331.372765,3,0.9251152276992798
1719576337.730788,4,0.9351958632469177
1719576344.117437,5,0.9408122301101685
1719576350.729525,6,0.9416762590408325
1719576357.205239,7,0.9435483813285828
1719576363.735799,8,0.9491647481918335
1719576370.113498,9,0.9495967626571655
1719576376.503302,10,0.9490207433700562
1719576382.873356,11,0.9504608511924744
1719576389.24474,12,0.9519008994102478
1719576395.625494,13,0.9488767385482788
1719576402.002282,14,0.9490207433700562
1719576408.399795,15,0.9544931054115295
1719576414.767323,16,0.9563652276992798
1719576421.138471,17,0.9575172662734985
1719576427.523438,18,0.9575172662734985
1719576433.905529,19,0.9556451439857483
1719576440.282764,20,0.9562212228775024
1719576446.674284,21,0.955501139163971
1719576453.040472,22,0.9583813548088074
1719576459.421003,23,0.9593893885612488
1719576465.813101,24,0.95823734998703
1719576472.212852,25,0.9585253596305847
1719576478.609143,26,0.9585253596305847
1719576485.017418,27,0.9575172662734985
